Workbook
Name Slicer_Department: #N/A
Name Slicer_Hospital_Name: #N/A
Name Slicer_Location: #N/A

Sheet HospitalData
A1: Hospital Name | B1: Location | C1: Department | D1: Doctors Count | E1: Patients Count | F1: Admission Date | G1: Discharge Date | H1: Medical Expenses | I1: No of Days stayed
A2: Wellness Clinic | B2: Chennai | C2: Orthopedics | D2: 47 | E2: 182 | F2: 45273 | G2: 45274 | H2: 31364.88 | I2: =HospitalData[[#This Row],[Discharge Date]]-HospitalData[[#This Row],[Admission Date]] -> 1
A3: Fortis Care | B3: Pune | C3: ENT | D3: 15 | E3: 51 | F3: 45289 | G3: 45300 | H3: 47280.19 | I3: =HospitalData[[#This Row],[Discharge Date]]-HospitalData[[#This Row],[Admission Date]] -> 11
A4: Wellness Clinic | B4: Ahmedabad | C4: Pediatrics | D4: 20 | E4: 120 | F4: 45206 | G4: 45220 | H4: 28574.72 | I4: =HospitalData[[#This Row],[Discharge Date]]-HospitalData[[#This Row],[Admission Date]] -> 14
A5: Heritage Hospital | B5: Hyderabad | C5: Urology | D5: 8 | E5: 172 | F5: 45045 | G5: 45057 | H5: 7000.83 | I5: =HospitalData[[#This Row],[Discharge Date]]-HospitalData[[#This Row],[Admission Date]] -> 12
A6: City Hospital | B6: Kolkata | C6: Gynecology | D6: 35 | E6: 76 | F6: 44967 | G6: 44969 | H6: 47210.46 | I6: =HospitalData[[#This Row],[Discharge Date]]-HospitalData[[#This Row],[Admission Date]] -> 2
A7: Heritage Hospital | B7: Hyderabad | C7: Oncology | D7: 11 | E7: 76 | F7: 44962 | G7: 44974 | H7: 18612.34 | I7: =HospitalData[[#This Row],[Discharge Date]]-HospitalData[[#This Row],[Admission Date]] -> 12
A8: Global Medicare | B8: Ahmedabad | C8: Oncology | D8: 22 | E8: 99 | F8: 45139 | G8: 45144 | H8: 47808.55 | I8: =HospitalData[[#This Row],[Discharge Date]]-HospitalData[[#This Row],[Admission Date]] -> 5
A9: Apollo Health | B9: Jaipur | C9: General Medicine | D9: 37 | E9: 173 | F9: 45200 | G9: 45211 | H9: 12284.65 | I9: =HospitalData[[#This Row],[Discharge Date]]-HospitalData[[#This Row],[Admission Date]] -> 11
A10: Heritage Hospital | B10: Jaipur | C10: ENT | D10: 9 | E10: 198 | F10: 45089 | G10: 45095 | H10: 14650.23 | I10: =HospitalData[[#This Row],[Discharge Date]]-HospitalData[[#This Row],[Admission Date]] -> 6
A11: Green Valley Hospital | B11: Pune | C11: Pediatrics | D11: 30 | E11: 107 | F11: 45267 | G11: 45268 | H11: 30006.96 | I11: =HospitalData[[#This Row],[Discharge Date]]-HospitalData[[#This Row],[Admission Date]] -> 1
A12: Healing Touch | B12: Mumbai | C12: Dermatology | D12: 39 | E12: 70 | F12: 45182 | G12: 45184 | H12: 13282.51 | I12: =HospitalData[[#This Row],[Discharge Date]]-HospitalData[[#This Row],[Admission Date]] -> 2
A13: Fortis Care | B13: Jaipur | C13: Urology | D13: 22 | E13: 38 | F13: 44997 | G13: 45010 | H13: 13481.9 | I13: =HospitalData[[#This Row],[Discharge Date]]-HospitalData[[#This Row],[Admission Date]] -> 13
... A101: Healing Touch | B101: Bangalore | C101: Urology | D101: 14 | E101: 37 | F101: 45269 | G101: 45275 | H101: 17213.05 | I101: =HospitalData[[#This Row],[Discharge Date]]-HospitalData[[#This Row],[Admission Date]] -> 6

Sheet Dashboard
C3: HOSPITAL DATA ANALYSIS
C5: Total Patients | G5: Total Medical Expenses | K5: Average Stay Days | O5: Total Doctors | S5: No. of Departments
C6: =SUM(HospitalData!E2:E101) -> 9347 | G6: =SUM(HospitalData!H2:H101) -> 2717311.1 | K6: =AVERAGE(HospitalData!I2:I101) -> 7.95 | O6: =SUM(HospitalData!D2:D101) -> 2671 | S6: =COUNTA((HospitalData!C2:C101)) -> 100

Sheet Sheet2
B2: Row Labels | C2: Sum of Patients Count
B3: Cardiology | C3: 544 | Q3: Row Labels | R3: Sum of Patients Count
B4: Dermatology | C4: 978 | Q4: Cardiology | R4: 544
B5: ENT | C5: 1064 | Q5: Dermatology | R5: 978
B6: General Medicine | C6: 563 | Q6: ENT | R6: 1064
B7: Gynecology | C7: 678 | Q7: General Medicine | R7: 563
B8: Neurology | C8: 1229 | Q8: Gynecology | R8: 678
B9: Oncology | C9: 770 | Q9: Neurology | R9: 1229
B10: Orthopedics | C10: 762 | Q10: Oncology | R10: 770
B11: Pediatrics | C11: 993 | Q11: Orthopedics | R11: 762
B12: Urology | C12: 1766 | Q12: Pediatrics | R12: 993
B13: Grand Total | C13: 9347 | Q13: Urology | R13: 1766
Q14: Grand Total | R14: 9347
B17: Row Labels | C17: Sum of Medical Expenses
B18: Apollo Health | C18: 277335.09 | Q18: Row Labels | R18: Sum of Medical Expenses
B19: City Hospital | C19: 347988.44 | Q19: Ahmedabad | R19: 523939.12
B20: Fortis Care | C20: 337677.36 | Q20: Bangalore | R20: 224814.8
B21: Global Medicare | C21: 329739.45 | Q21: Chennai | R21: 269218.94
B22: Green Valley Hospital | C22: 162188.83 | Q22: Delhi | R22: 197037.92
B23: Healing Touch | C23: 352178.06 | Q23: Hyderabad | R23: 237268.54
B24: Heritage Hospital | C24: 186899.03 | Q24: Jaipur | R24: 438315.39
B25: Metro Hospital | C25: 314786.05 | Q25: Kolkata | R25: 163356.59
B26: Sunrise Medical | C26: 233050.93 | Q26: Lucknow | R26: 243717.09
B27: Wellness Clinic | C27: 175467.82 | Q27: Mumbai | R27: 163971.52
B28: Grand Total | C28: 2717311.1 | Q28: Pune | R28: 255671.15
Q29: Grand Total | R29: 2717311.1
B32: Row Labels | C32: Sum of Medical Expenses
B33: Jan | C33: 173971.54 | Q33: Doctors_Count | R33: Patients_Count
B34: Feb | C34: 301722.72 | Q34: 2671 | R34: 9347
B35: Mar | C35: 199247.42
B36: Apr | C36: 88995.93
B37: May | C37: 222986.72
B38: Jun | C38: 165926.36
B39: Jul | C39: 211527.13
B40: Aug | C40: 181039.55
B41: Sep | C41: 341284.23
B42: Oct | C42: 158450.68
B43: Nov | C43: 334370.33
B44: Dec | C44: 337788.45
B45: Grand Total | C45: 2717311.1

Sheet Sheet1
A1: That’s a good move. Reusing the same dataset across tools makes your portfolio look intentional and analytical rather than random. | C1: Chart | D1: Analysis
A2: For the Excel project, create a separate repository: | C2: Bar Chart | D2: Patients by Department
A3: Hospital-Analysis-Excel | C3: Column Chart | D3: Expenses by Hospital
A4: Your goal in Microsoft Excel is not heavy querying like SQL. | C4: Line Chart | D4: Monthly Expense Trend
A5: It’s: | C5: Pie/Donut | D5: Department-wise Patients
A6: dashboarding | C6: Heatmap | D6: Expenses by City
A7: summarizing | C7: Stacked Bar | D7: Doctors vs Patients
A8: KPI reporting
A9: interactive analysis
A10: Your Excel project should feel like a business reporting dashboard.
A11: What You Should Build
A13: Main Dashboard Page
A15: Create one clean dashboard sheet.
A17: KPI Cards at Top
A19: Show:
A21: Total Patients
A23: Total Medical Expenses
A25: Average Stay Days
A27: Total Doctors
... A206: prepare interview questions from it
